{
  "3.10": {
    "pip": {
      "sha256": "1e501cf004eac1b7eb1f97266d28f995ae835d30250bec7f8850562703067dc6",
      "url": "https://github.com/pypa/get-pip/raw/66030fa03382b4914d4c4d0896961a0bdeeeb274/public/get-pip.py",
      "version": "22.2.2"
    },
    "setuptools": {
      "version": "63.2.0"
    },
    "variants": [
      "bullseye",
      "slim-bullseye",
      "buster",
      "slim-buster",
      "alpine3.16",
      "alpine3.15",
      "windows/windowsservercore-ltsc2022",
      "windows/windowsservercore-1809"
    ],
    "version": "3.10.8"
  },
  "3.11": {
    "pip": {
      "sha256": "1e501cf004eac1b7eb1f97266d28f995ae835d30250bec7f8850562703067dc6",
      "url": "https://github.com/pypa/get-pip/raw/66030fa03382b4914d4c4d0896961a0bdeeeb274/public/get-pip.py",
      "version": "22.3"
    },
    "setuptools": {
      "version": "65.5.0"
    },
    "variants": [
      "bullseye",
      "slim-bullseye",
      "buster",
      "slim-buster",
      "alpine3.16",
      "alpine3.15",
      "windows/windowsservercore-ltsc2022",
      "windows/windowsservercore-1809"
    ],
    "version": "3.11.0"
  },
  "3.12-rc": {
    "pip": {
      "sha256": "1e501cf004eac1b7eb1f97266d28f995ae835d30250bec7f8850562703067dc6",
      "url": "https://github.com/pypa/get-pip/raw/66030fa03382b4914d4c4d0896961a0bdeeeb274/public/get-pip.py",
      "version": "22.3"
    },
    "setuptools": {
      "version": "65.5.0"
    },
    "variants": [
      "bullseye",
      "slim-bullseye",
      "buster",
      "slim-buster",
      "alpine3.16",
      "alpine3.15",
      "windows/windowsservercore-ltsc2022",
      "windows/windowsservercore-1809"
    ],
    "version": "3.12.0a1"
  },
  "3.7": {
    "pip": {
      "sha256": "1e501cf004eac1b7eb1f97266d28f995ae835d30250bec7f8850562703067dc6",
      "url": "https://github.com/pypa/get-pip/raw/66030fa03382b4914d4c4d0896961a0bdeeeb274/public/get-pip.py",
      "version": "22.0.4"
    },
    "setuptools": {
      "version": "57.5.0"
    },
    "variants": [
      "bullseye",
      "slim-bullseye",
      "buster",
      "slim-buster",
      "alpine3.16",
      "alpine3.15"
    ],
    "version": "3.7.15"
  },
  "3.8": {
    "pip": {
      "sha256": "1e501cf004eac1b7eb1f97266d28f995ae835d30250bec7f8850562703067dc6",
      "url": "https://github.com/pypa/get-pip/raw/66030fa03382b4914d4c4d0896961a0bdeeeb274/public/get-pip.py",
      "version": "22.0.4"
    },
    "setuptools": {
      "version": "57.5.0"
    },
    "variants": [
      "bullseye",
      "slim-bullseye",
      "buster",
      "slim-buster",
      "alpine3.16",
      "alpine3.15"
    ],
    "version": "3.8.15"
  },
  "3.9": {
    "pip": {
      "sha256": "1e501cf004eac1b7eb1f97266d28f995ae835d30250bec7f8850562703067dc6",
      "url": "https://github.com/pypa/get-pip/raw/66030fa03382b4914d4c4d0896961a0bdeeeb274/public/get-pip.py",
      "version": "22.0.4"
    },
    "setuptools": {
      "version": "58.1.0"
    },
    "variants": [
      "bullseye",
      "slim-bullseye",
      "buster",
      "slim-buster",
      "alpine3.16",
      "alpine3.15"
    ],
    "version": "3.9.15"
  }
}
